,Term,NumPostings
3,Communication,42.1052631579
0,Manage,34.2105263158
5,Excel,23.6842105263
2,Lead,18.4210526316
1,hires,7.89473684211
7,Coaches,7.89473684211
8,develops,5.26315789474
9,R,5.26315789474
10,SQL,5.26315789474
12,Quantitative,5.26315789474
4,JavaScript,2.63157894737
6,Tableau,2.63157894737
11,SAS,2.63157894737
13,Regression,2.63157894737
